id,first_name,last_name,email,gender,ip_address
1,Fredia,Penburton,fpenburton0@nsw.gov.au,Female,38.30.107.10
2,Karita,Dewsnap,kdewsnap1@cbslocal.com,Female,10.65.239.45
3,Jephthah,Antat,jantat2@slideshare.net,Male,158.212.27.27
4,Ardine,Martinyuk,amartinyuk3@microsoft.com,Female,107.9.199.162
5,Darnell,Kmieciak,dkmieciak4@printfriendly.com,Male,93.111.149.96
6,Cher,Tredinnick,ctredinnick5@comcast.net,Female,89.154.9.182
7,Michale,Brave,mbrave6@reverbnation.com,Male,172.152.98.126
8,Armando,Phalp,aphalp7@chronoengine.com,Male,229.238.203.79
9,Ezra,McInerney,emcinerney8@goodreads.com,Male,138.47.223.214
10,Dorie,Lodo,dlodo9@economist.com,Male,186.114.78.44
11,Alex,Scarth,ascartha@sitemeter.com,Male,224.182.179.104
12,Lukas,Riby,lribyb@gov.uk,Male,17.51.189.177
13,Archy,Polotti,apolottic@ifeng.com,Male,177.183.65.46
14,Joye,Kennett,jkennettd@moonfruit.com,Female,87.149.74.255
15,Connie,Dell'Abbate,cdellabbatee@craigslist.org,Male,103.133.11.177
16,Sheeree,Jesse,sjessef@unesco.org,Female,17.7.94.150
17,Eliot,Pennell,epennellg@indiatimes.com,Male,122.124.45.237
18,Elvin,Shobrook,eshobrookh@sourceforge.net,Male,29.190.189.181
19,Adolphe,Edison,aedisoni@economist.com,Male,19.112.217.105
20,Paul,Ilyenko,pilyenkoj@squarespace.com,Male,175.222.175.145
21,Chet,Bonn,cbonnk@163.com,Male,248.53.24.220
22,Dori,Devita,ddevital@acquirethisname.com,Female,242.48.50.143
23,Meredith,Bibbie,mbibbiem@fema.gov,Male,208.254.186.225
24,Karlens,Baumann,kbaumannn@alexa.com,Male,99.18.45.162
25,Edithe,Hayer,ehayero@uiuc.edu,Female,28.93.4.21
26,Sid,Fincken,sfinckenp@wsj.com,Male,105.155.77.132
27,Bobinette,Chilley,bchilleyq@fema.gov,Female,116.181.106.42
28,Rudie,Sutlieff,rsutlieffr@yahoo.co.jp,Male,14.154.41.7
29,Liz,Guerriero,lguerrieros@yellowpages.com,Female,43.177.204.135
30,Sigismond,Pibsworth,spibswortht@google.nl,Male,222.187.60.115
31,Camilla,Jeays,cjeaysu@g.co,Female,166.30.193.53
32,Jaynell,Pellant,jpellantv@drupal.org,Female,170.47.189.112
33,Lurette,Yeates,lyeatesw@usa.gov,Female,191.135.12.233
34,Hayyim,Parradye,hparradyex@de.vu,Male,153.14.51.80
35,Kristopher,Tadlow,ktadlowy@reverbnation.com,Male,34.252.57.112
36,Delmore,Gostyke,dgostykez@unicef.org,Male,1.184.87.234
37,Jone,Brekonridge,jbrekonridge10@bloglovin.com,Male,16.206.81.209
38,Louisette,Sneller,lsneller11@washingtonpost.com,Female,100.197.152.111
39,Erie,Leathlay,eleathlay12@forbes.com,Male,179.105.177.81
40,Hewett,Gilbee,hgilbee13@theguardian.com,Male,18.229.15.109
41,Thadeus,Pinxton,tpinxton14@gmpg.org,Male,100.149.48.180
42,Raddy,Atwool,ratwool15@patch.com,Male,202.138.110.172
43,Laurice,Fearnsides,lfearnsides16@delicious.com,Female,50.86.11.189
44,Jolie,Tofts,jtofts17@craigslist.org,Female,36.101.107.198
45,Symon,Beevers,sbeevers18@princeton.edu,Male,129.170.40.137
46,Leicester,Hesey,lhesey19@mlb.com,Male,187.22.56.239
47,Ami,Ingray,aingray1a@gravatar.com,Female,4.56.112.8
48,Nils,Syrett,nsyrett1b@e-recht24.de,Male,137.112.68.58
49,Merna,Pimlock,mpimlock1c@weibo.com,Female,214.174.17.157
50,Marcy,Blackleech,mblackleech1d@samsung.com,Female,99.194.72.159
51,Vince,Wroath,vwroath1e@noaa.gov,Male,122.136.221.89
52,Harriott,Greenall,hgreenall1f@paginegialle.it,Female,164.220.159.201
53,Adams,Cossentine,acossentine1g@marriott.com,Male,241.207.52.134
54,Perry,Spurden,pspurden1h@cloudflare.com,Female,1.0.50.245
55,Abdel,Derobert,aderobert1i@nature.com,Male,101.133.88.160
56,Brita,Crowne,bcrowne1j@cbslocal.com,Female,149.90.250.72
57,Ossie,Lucas,olucas1k@ftc.gov,Male,72.8.21.168
58,Massimiliano,Duckerin,mduckerin1l@chronoengine.com,Male,153.103.179.147
59,Elberta,Fairlaw,efairlaw1m@trellian.com,Female,151.34.25.167
60,Yetta,Orkney,yorkney1n@shop-pro.jp,Female,43.54.46.208
61,Percy,Elintune,pelintune1o@storify.com,Male,216.249.116.165
62,Ferrel,Milkins,fmilkins1p@slate.com,Male,201.29.93.176
63,Sterling,Altimas,saltimas1q@ehow.com,Male,219.235.120.221
64,Cele,Ilyinykh,cilyinykh1r@eepurl.com,Female,33.202.96.150
65,Aguste,O'Fallone,aofallone1s@home.pl,Male,144.31.243.149
66,Arabel,Pain,apain1t@parallels.com,Female,251.246.174.32
67,Immanuel,Bauser,ibauser1u@topsy.com,Male,254.161.124.183
68,Sydelle,Beardsell,sbeardsell1v@uiuc.edu,Female,204.149.189.183
69,Zacharias,Brecon,zbrecon1w@google.de,Male,109.25.119.164
70,Flori,Koenen,fkoenen1x@amazon.co.jp,Female,105.64.2.110
71,Kristi,Mulholland,kmulholland1y@technorati.com,Female,140.64.48.189
72,Carlotta,Puttnam,cputtnam1z@networkadvertising.org,Female,87.220.188.154
73,Kirbie,Grocott,kgrocott20@e-recht24.de,Female,2.228.221.207
74,Lela,Pegler,lpegler21@dedecms.com,Female,32.66.49.120
75,Avrit,Clarkin,aclarkin22@facebook.com,Female,18.208.38.143
76,Diana,Delgaty,ddelgaty23@stumbleupon.com,Female,39.23.171.101
77,Roanne,Flowerdew,rflowerdew24@t.co,Female,119.93.49.151
78,Staford,Hinkens,shinkens25@narod.ru,Male,48.197.194.99
79,Garrik,Wallsam,gwallsam26@census.gov,Male,1.27.106.81
80,Amerigo,Buxsey,abuxsey27@google.it,Male,148.221.14.207
81,Reagen,Elbourne,relbourne28@surveymonkey.com,Male,137.26.182.184
82,Constantia,Moxham,cmoxham29@so-net.ne.jp,Female,218.169.209.165
83,Franky,Blackesland,fblackesland2a@irs.gov,Female,75.54.23.186
84,Juan,MacCartan,jmaccartan2b@parallels.com,Male,1.90.147.40
85,Nertie,Belfield,nbelfield2c@state.tx.us,Female,189.229.56.103
86,Liva,Hafford,lhafford2d@usgs.gov,Female,92.237.6.198
87,Gerrilee,Pendrich,gpendrich2e@squarespace.com,Female,140.181.168.11
88,Cherry,Ballam,cballam2f@topsy.com,Female,80.62.98.23
89,Ginni,Kornyakov,gkornyakov2g@reference.com,Female,85.128.81.145
90,Emylee,Keogh,ekeogh2h@opera.com,Female,131.212.129.249
91,Garrett,Tissell,gtissell2i@dropbox.com,Male,159.229.185.125
92,Carmon,Doding,cdoding2j@surveymonkey.com,Female,105.202.140.23
93,Lars,Soda,lsoda2k@yellowpages.com,Male,170.159.217.24
94,Elberta,Powter,epowter2l@unc.edu,Female,61.45.148.140
95,Margaretha,Rake,mrake2m@360.cn,Female,74.159.247.220
96,Etty,Pittendreigh,epittendreigh2n@google.de,Female,101.72.139.40
97,Maryellen,Berntsson,mberntsson2o@is.gd,Female,23.184.249.133
98,Garvy,Fullom,gfullom2p@fema.gov,Male,78.187.59.100
99,Sawyer,Lieber,slieber2q@moonfruit.com,Male,39.239.202.84
100,Timotheus,Van Hove,tvanhove2r@who.int,Male,34.229.185.31
101,Catlin,Beebee,cbeebee2s@businessinsider.com,Female,29.114.53.153
102,Jarrad,Gobeau,jgobeau2t@addtoany.com,Male,113.200.72.239
103,Dolf,Greasty,dgreasty2u@freewebs.com,Male,55.12.59.128
104,Dell,McDonand,dmcdonand2v@hostgator.com,Female,125.187.146.41
105,Simonne,Dyers,sdyers2w@istockphoto.com,Female,91.153.25.55
106,Algernon,Fairholme,afairholme2x@amazon.co.jp,Male,181.185.196.245
107,Olav,Kerford,okerford2y@51.la,Male,247.94.111.221
108,Wallache,Bussetti,wbussetti2z@blogtalkradio.com,Male,98.183.28.118
109,Egon,Antrim,eantrim30@google.es,Male,254.88.186.144
110,Marcus,Shaves,mshaves31@goodreads.com,Male,202.45.105.33
111,Terence,Dissman,tdissman32@bigcartel.com,Male,128.65.170.145
112,Prent,Simchenko,psimchenko33@vimeo.com,Male,71.182.216.121
113,Zahara,Paszek,zpaszek34@vistaprint.com,Female,8.99.19.112
114,Tamma,Balwin,tbalwin35@npr.org,Female,250.63.176.219
115,Westley,Von Welldun,wvonwelldun36@cdbaby.com,Male,71.35.114.130
116,Junia,Lambie,jlambie37@nationalgeographic.com,Female,48.55.130.85
117,Buiron,Penley,bpenley38@weather.com,Male,151.62.200.39
118,Tamara,St. Ledger,tstledger39@deviantart.com,Female,73.151.26.2
119,Dore,Weal,dweal3a@yellowpages.com,Female,104.111.125.202
120,Antonino,Hiner,ahiner3b@ustream.tv,Male,5.63.134.196
121,Dorice,Cammock,dcammock3c@free.fr,Female,12.193.242.148
122,Angelico,Barlie,abarlie3d@google.de,Male,55.132.76.204
123,Aurelie,Jiggins,ajiggins3e@apple.com,Female,22.190.88.123
124,Margalo,Hammonds,mhammonds3f@thetimes.co.uk,Female,5.154.218.199
125,Brnaby,Wellbeloved,bwellbeloved3g@fc2.com,Male,175.188.169.210
126,Morena,Whittles,mwhittles3h@yellowpages.com,Female,125.119.185.111
127,Lelia,Fripp,lfripp3i@netlog.com,Female,181.116.235.122
128,Alisha,Brockton,abrockton3j@mayoclinic.com,Female,117.96.146.16
129,Boris,Joerning,bjoerning3k@nhs.uk,Male,244.70.198.184
130,Amabel,Ruddiforth,aruddiforth3l@engadget.com,Female,175.39.76.162
131,Ugo,Passfield,upassfield3m@unblog.fr,Male,11.188.177.175
132,Lowrance,Fidelli,lfidelli3n@marriott.com,Male,105.218.233.236
133,Aharon,Rulton,arulton3o@state.tx.us,Male,138.249.146.212
134,Osborne,Deinert,odeinert3p@weather.com,Male,105.157.9.196
135,Leighton,Chastenet,lchastenet3q@reverbnation.com,Male,10.20.106.141
136,Fernande,McGinny,fmcginny3r@netlog.com,Female,73.75.105.43
137,Olia,Braisher,obraisher3s@g.co,Female,220.250.204.131
138,Daffie,Wickwar,dwickwar3t@umn.edu,Female,154.204.187.195
139,Edgar,Windrus,ewindrus3u@opensource.org,Male,183.192.25.194
140,Claretta,Mayall,cmayall3v@youku.com,Female,5.47.200.150
141,Moyna,BURWIN,mburwin3w@skype.com,Female,26.117.253.134
142,Twila,Cregan,tcregan3x@cnbc.com,Female,55.177.183.118
143,Nance,Bing,nbing3y@com.com,Female,176.169.137.210
144,Allyn,Hannigane,ahannigane3z@economist.com,Female,2.139.133.187
145,Alexis,Redmell,aredmell40@altervista.org,Female,166.200.164.241
146,Wini,Whittington,wwhittington41@seesaa.net,Female,2.152.111.154
147,Layney,Firsby,lfirsby42@google.ca,Female,159.65.143.46
148,Cordell,Peetermann,cpeetermann43@pbs.org,Male,101.5.236.203
149,Rob,Agiolfinger,ragiolfinger44@netlog.com,Male,38.244.69.28
150,Hillery,Smout,hsmout45@noaa.gov,Male,94.24.100.124
151,Livvy,Aggus,laggus46@theguardian.com,Female,41.215.160.212
152,Padriac,Kigelman,pkigelman47@census.gov,Male,69.173.111.29
153,Cleve,Gowry,cgowry48@geocities.com,Male,165.255.181.213
154,Alex,McCrostie,amccrostie49@yellowbook.com,Female,76.187.250.152
155,Leonid,McPhee,lmcphee4a@joomla.org,Male,201.95.4.98
156,Nicky,O'Loughlin,noloughlin4b@furl.net,Female,211.74.0.192
157,Pepita,Swarbrigg,pswarbrigg4c@yahoo.co.jp,Female,115.114.76.222
158,Claybourne,Handford,chandford4d@zdnet.com,Male,80.25.53.106
159,Ceil,Perse,cperse4e@addtoany.com,Female,156.161.201.135
160,Saunders,Rolland,srolland4f@instagram.com,Male,54.155.61.212
161,Mozelle,Sneyd,msneyd4g@patch.com,Female,60.119.189.252
162,Jacinthe,Kaine,jkaine4h@woothemes.com,Female,18.5.255.184
163,Elianore,Pierton,epierton4i@eepurl.com,Female,197.63.37.168
164,Lynnea,Klemke,lklemke4j@nymag.com,Female,150.247.86.55
165,Rusty,Crozier,rcrozier4k@msn.com,Male,27.147.4.16
166,Ev,Pennycook,epennycook4l@timesonline.co.uk,Male,213.245.192.66
167,Dalton,Corre,dcorre4m@utexas.edu,Male,89.134.14.69
168,Jaine,Grason,jgrason4n@wikia.com,Female,88.80.118.167
169,Quentin,Vigers,qvigers4o@vimeo.com,Female,122.169.29.215
170,Nero,Shackleford,nshackleford4p@senate.gov,Male,168.241.141.26
171,Marietta,Nehls,mnehls4q@usgs.gov,Female,189.201.194.178
172,Tyler,Defty,tdefty4r@nature.com,Male,26.71.169.14
173,Edi,Giacomozzo,egiacomozzo4s@mail.ru,Female,218.94.221.214
174,Effie,MacGuffie,emacguffie4t@paypal.com,Female,229.58.125.217
175,Glenine,Corck,gcorck4u@google.ru,Female,0.88.236.21
176,Hendrika,Skarin,hskarin4v@plala.or.jp,Female,40.65.195.154
177,Benjie,Kenan,bkenan4w@freewebs.com,Male,203.249.173.30
178,Eleanora,Overbury,eoverbury4x@dyndns.org,Female,182.168.25.239
179,Vince,McCaster,vmccaster4y@thetimes.co.uk,Male,35.4.160.80
180,Dasha,Pywell,dpywell4z@de.vu,Female,54.170.43.17
181,Joseito,Couthard,jcouthard50@ycombinator.com,Male,217.40.223.134
182,Anallese,Sizey,asizey51@unblog.fr,Female,13.163.32.117
183,Nona,Taylor,ntaylor52@bizjournals.com,Female,188.28.79.20
184,Shae,Richarson,sricharson53@cnn.com,Male,8.25.226.238
185,Sully,Whitebread,swhitebread54@goo.gl,Male,101.245.145.68
186,Kimberli,Sarton,ksarton55@addthis.com,Female,178.17.182.156
187,Samuel,Rimbault,srimbault56@tinypic.com,Male,107.137.144.158
188,Desiri,Raynham,draynham57@hatena.ne.jp,Female,172.186.176.253
189,Muriel,Ponnsett,mponnsett58@tiny.cc,Female,143.37.37.87
190,Karel,Trighton,ktrighton59@de.vu,Female,88.147.5.97
191,Amalee,Yanin,ayanin5a@stanford.edu,Female,9.66.41.101
192,Ryan,Powderham,rpowderham5b@mit.edu,Male,150.59.254.26
193,Delmar,Doulton,ddoulton5c@bloomberg.com,Male,18.107.126.246
194,Maximo,Corck,mcorck5d@networkadvertising.org,Male,52.137.135.184
195,Maison,Sandercock,msandercock5e@mit.edu,Male,68.217.222.54
196,Merilyn,Southall,msouthall5f@berkeley.edu,Female,40.149.125.213
197,Arliene,Funcheon,afuncheon5g@elegantthemes.com,Female,85.6.31.5
198,Kiel,Ruttgers,kruttgers5h@alexa.com,Male,225.47.86.3
199,Rora,Packman,rpackman5i@edublogs.org,Female,84.106.133.101
200,Orelie,Hincham,ohincham5j@state.tx.us,Female,102.252.37.68
201,Kale,Adrain,kadrain5k@unblog.fr,Male,196.11.227.32
202,Hussein,Tatersale,htatersale5l@cmu.edu,Male,169.238.149.241
203,Cathrin,Grelak,cgrelak5m@arizona.edu,Female,21.179.149.31
204,Willem,Chester,wchester5n@ihg.com,Male,135.228.56.39
205,Judd,Lowdes,jlowdes5o@networksolutions.com,Male,172.64.181.11
206,Marilee,MacCafferky,mmaccafferky5p@sourceforge.net,Female,17.64.196.213
207,Dar,Knowler,dknowler5q@foxnews.com,Male,134.189.187.117
208,Ulysses,Turmel,uturmel5r@youtube.com,Male,44.48.47.226
209,Galven,Hammant,ghammant5s@mapy.cz,Male,96.18.183.136
210,Sybil,Darth,sdarth5t@mail.ru,Female,55.179.38.155
211,Arluene,Grigoire,agrigoire5u@chronoengine.com,Female,10.34.216.125
212,Hubie,Tregent,htregent5v@goodreads.com,Male,220.208.57.153
213,Ashien,Slemming,aslemming5w@google.com.br,Female,47.55.128.103
214,Heather,Juckes,hjuckes5x@tripadvisor.com,Female,154.207.236.117
215,Rocky,Brackpool,rbrackpool5y@friendfeed.com,Male,234.4.62.219
216,Perice,Grunguer,pgrunguer5z@prlog.org,Male,118.63.190.201
217,Clarette,Armit,carmit60@weather.com,Female,109.161.138.110
218,Harlen,Goldin,hgoldin61@paginegialle.it,Male,84.118.40.34
219,Allison,Spratt,aspratt62@goo.ne.jp,Female,182.86.253.53
220,Donaugh,Espadero,despadero63@yahoo.co.jp,Male,181.166.35.222
221,Mendel,Gokes,mgokes64@sfgate.com,Male,156.56.251.0
222,Eberto,Kinworthy,ekinworthy65@princeton.edu,Male,140.89.76.118
223,Nollie,Renny,nrenny66@yolasite.com,Female,176.7.247.117
224,Mehetabel,Jessop,mjessop67@parallels.com,Female,10.18.72.83
225,Robinette,Jelf,rjelf68@guardian.co.uk,Female,236.167.41.113
226,Rob,Twaite,rtwaite69@hibu.com,Male,184.161.110.59
227,Filberto,Meeke,fmeeke6a@latimes.com,Male,246.72.67.31
228,Theresita,Buller,tbuller6b@webs.com,Female,27.44.64.144
229,Arluene,Shires,ashires6c@wikipedia.org,Female,103.221.180.76
230,Jean,Lowndesbrough,jlowndesbrough6d@china.com.cn,Female,239.57.166.120
231,Gonzales,Galletly,ggalletly6e@google.com.hk,Male,22.165.242.88
232,Corri,Pontin,cpontin6f@google.de,Female,143.236.6.166
233,Belinda,Fieller,bfieller6g@youtube.com,Female,123.43.106.69
234,Milt,O'Currigan,mocurrigan6h@bizjournals.com,Male,218.196.231.140
235,Anitra,Puddan,apuddan6i@adobe.com,Female,14.146.82.148
236,Felike,Turneaux,fturneaux6j@unblog.fr,Male,100.29.247.105
237,Dorolice,Seefeldt,dseefeldt6k@ca.gov,Female,47.212.165.55
238,Theodoric,Ivett,tivett6l@mac.com,Male,180.138.227.53
239,Saw,Patry,spatry6m@sciencedaily.com,Male,101.182.241.96
240,Lothario,Stoker,lstoker6n@icio.us,Male,226.115.216.187
241,Mac,Leftly,mleftly6o@hugedomains.com,Male,149.152.146.205
242,Kerr,Bartoli,kbartoli6p@sitemeter.com,Male,63.223.189.223
243,Sophie,Petkovic,spetkovic6q@si.edu,Female,236.199.113.91
244,Ferdy,Borell,fborell6r@cbsnews.com,Male,154.82.247.120
245,Berkeley,Cawthra,bcawthra6s@trellian.com,Male,11.176.114.199
246,Roda,Suddards,rsuddards6t@mapquest.com,Female,206.177.159.61
247,Perla,Costin,pcostin6u@ovh.net,Female,170.95.121.23
248,Alvina,Relton,arelton6v@parallels.com,Female,233.180.123.107
249,Shayla,Warratt,swarratt6w@gov.uk,Female,214.33.97.226
250,Billi,Dobbson,bdobbson6x@xing.com,Female,225.128.215.89
251,Adel,Corneljes,acorneljes6y@1und1.de,Female,153.33.1.204
252,Rycca,Lehrmann,rlehrmann6z@live.com,Female,48.109.75.133
253,Elsy,Cassella,ecassella70@networkadvertising.org,Female,253.7.158.164
254,Flinn,Kopfer,fkopfer71@npr.org,Male,200.128.97.77
255,Trumann,Lightman,tlightman72@creativecommons.org,Male,6.98.227.209
256,Banky,Splevins,bsplevins73@weather.com,Male,9.136.74.128
257,Ginelle,Blum,gblum74@wp.com,Female,224.190.120.65
258,Karim,Rought,krought75@blog.com,Male,216.141.44.7
259,Leah,Krollman,lkrollman76@army.mil,Female,215.196.175.235
260,Dewain,Franchioni,dfranchioni77@japanpost.jp,Male,239.163.217.51
261,Em,Munford,emunford78@jalbum.net,Female,60.19.137.178
262,Drona,Clancy,dclancy79@tripod.com,Female,18.208.174.233
263,Essie,Shipperbottom,eshipperbottom7a@amazon.co.uk,Female,126.205.228.90
264,Christy,Henrique,chenrique7b@nih.gov,Male,188.62.162.78
265,Itch,Cribbin,icribbin7c@aboutads.info,Male,100.176.46.8
266,Walliw,le Keux,wlekeux7d@free.fr,Female,25.223.129.111
267,Nannie,Sweett,nsweett7e@upenn.edu,Female,41.32.41.153
268,Marcellus,Toor,mtoor7f@flavors.me,Male,33.168.160.12
269,Brigid,Rudiger,brudiger7g@pbs.org,Female,253.139.147.129
270,Consolata,Comfort,ccomfort7h@qq.com,Female,57.185.133.69
271,Slade,Tointon,stointon7i@sfgate.com,Male,54.185.36.122
272,Ilyse,Matelaitis,imatelaitis7j@nymag.com,Female,14.22.31.96
273,Arabelle,Grocutt,agrocutt7k@themeforest.net,Female,87.120.234.148
274,Thane,Matyatin,tmatyatin7l@symantec.com,Male,100.28.240.142
275,Lester,Couth,lcouth7m@bigcartel.com,Male,114.182.113.250
276,Issy,Ciraldo,iciraldo7n@tinypic.com,Female,195.142.140.226
277,Stuart,Canny,scanny7o@123-reg.co.uk,Male,195.145.241.84
278,Morley,Sellar,msellar7p@soup.io,Male,64.40.47.116
279,Gavan,Haugeh,ghaugeh7q@alibaba.com,Male,180.123.101.115
280,Venus,Tolumello,vtolumello7r@t.co,Female,142.232.235.178
281,Jewel,Peat,jpeat7s@dion.ne.jp,Female,123.75.191.64
282,Davidde,Vila,dvila7t@scientificamerican.com,Male,208.33.110.15
283,Ian,Warboys,iwarboys7u@mashable.com,Male,163.28.20.140
284,Timofei,Yirrell,tyirrell7v@nytimes.com,Male,180.216.150.209
285,Worthington,Krysztowczyk,wkrysztowczyk7w@cnn.com,Male,22.15.35.8
286,Jessey,Barnhart,jbarnhart7x@yahoo.co.jp,Male,172.191.160.173
287,Kayne,Strettell,kstrettell7y@edublogs.org,Male,39.106.237.47
288,Howey,Barosch,hbarosch7z@alibaba.com,Male,143.66.151.9
289,Zaneta,Molnar,zmolnar80@technorati.com,Female,26.230.129.26
290,Asia,MacCaffrey,amaccaffrey81@blog.com,Female,254.224.224.162
291,Calvin,Spelman,cspelman82@eventbrite.com,Male,15.34.45.131
292,Vida,Flott,vflott83@usnews.com,Female,89.147.13.10
293,Augustin,Loren,aloren84@aboutads.info,Male,220.66.121.34
294,Sherlock,Nolton,snolton85@cbsnews.com,Male,68.37.26.98
295,Stefanie,Petkovic,spetkovic86@businesswire.com,Female,16.240.189.212
296,Coretta,Sidle,csidle87@ed.gov,Female,57.32.233.172
297,Ray,Packham,rpackham88@nature.com,Male,195.210.189.59
298,Ethelyn,Skeech,eskeech89@ed.gov,Female,200.218.147.163
299,Adolpho,Lamyman,alamyman8a@twitpic.com,Male,94.183.176.86
300,Joya,Reeson,jreeson8b@multiply.com,Female,156.184.229.238
301,Arnold,Northfield,anorthfield8c@csmonitor.com,Male,215.196.34.133
302,Gwenore,Hardison,ghardison8d@soundcloud.com,Female,114.71.160.254
303,Ruby,Huller,rhuller8e@php.net,Male,101.174.212.40
304,Wendall,Fishpool,wfishpool8f@reddit.com,Male,89.21.62.52
305,Zondra,Beevors,zbeevors8g@craigslist.org,Female,182.117.62.226
306,Jennette,Priddle,jpriddle8h@google.com.hk,Female,134.122.17.79
307,Shannan,Weale,sweale8i@domainmarket.com,Male,51.201.87.146
308,Jay,Edghinn,jedghinn8j@examiner.com,Male,174.215.112.153
309,Uri,Fundell,ufundell8k@about.me,Male,94.77.251.123
310,Pearle,Yakuntsov,pyakuntsov8l@dyndns.org,Female,59.240.175.5
311,Ardyce,Hinz,ahinz8m@ebay.com,Female,68.47.235.50
312,Maryanna,Boichat,mboichat8n@hatena.ne.jp,Female,3.159.84.27
313,Harald,Devany,hdevany8o@csmonitor.com,Male,249.164.43.165
314,Sari,Gittose,sgittose8p@simplemachines.org,Female,233.186.237.237
315,Christiana,Edelman,cedelman8q@nps.gov,Female,215.132.97.255
316,Bernette,Ropkins,bropkins8r@unc.edu,Female,181.178.137.111
317,Scotty,Fishly,sfishly8s@histats.com,Male,194.2.84.9
318,Amble,Fetter,afetter8t@uiuc.edu,Male,150.67.138.144
319,Free,Ivanikov,fivanikov8u@so-net.ne.jp,Male,191.195.7.86
320,Raymund,Wingeat,rwingeat8v@behance.net,Male,218.225.183.195
321,Duke,Troyes,dtroyes8w@nytimes.com,Male,0.91.219.64
322,Gloriana,Fergie,gfergie8x@earthlink.net,Female,192.53.210.219
323,Lyman,Rubartelli,lrubartelli8y@vk.com,Male,14.242.98.235
324,Iormina,Linder,ilinder8z@dyndns.org,Female,2.18.206.48
325,Rhonda,Rubrow,rrubrow90@dell.com,Female,174.89.233.108
326,Codi,Burgis,cburgis91@tripod.com,Male,129.111.34.221
327,Adore,Chominski,achominski92@symantec.com,Female,245.238.49.136
328,Gabriele,Fairnington,gfairnington93@unblog.fr,Male,64.59.11.144
329,Gregg,Foucard,gfoucard94@1688.com,Male,72.212.96.92
330,Welsh,Derrick,wderrick95@gmpg.org,Male,224.36.80.151
331,Gael,Cudbird,gcudbird96@mail.ru,Female,23.60.69.60
332,Claretta,Muro,cmuro97@issuu.com,Female,106.1.214.124
333,Rosanne,Veel,rveel98@vkontakte.ru,Female,221.159.100.59
334,Reg,Schuelcke,rschuelcke99@google.com.au,Male,101.80.227.108
335,Lindi,Canete,lcanete9a@sciencedaily.com,Female,45.184.12.36
336,Kirby,Skilling,kskilling9b@trellian.com,Male,62.19.220.196
337,Mace,Wackly,mwackly9c@shutterfly.com,Male,137.163.148.12
338,Maitilde,Pautot,mpautot9d@sphinn.com,Female,174.131.197.99
339,Rollins,Oldis,roldis9e@nih.gov,Male,43.49.103.28
340,Kerr,Leyburn,kleyburn9f@blogspot.com,Male,146.222.168.83
341,Kale,Degg,kdegg9g@theglobeandmail.com,Male,102.156.163.8
342,Errol,Navein,enavein9h@cdc.gov,Male,71.219.92.42
343,Kurtis,Olivet,kolivet9i@oakley.com,Male,169.223.122.205
344,Hinda,Emanulsson,hemanulsson9j@woothemes.com,Female,0.83.171.99
345,Veronica,Domb,vdomb9k@china.com.cn,Female,158.26.113.154
346,Neilla,Greet,ngreet9l@parallels.com,Female,102.253.16.170
347,Gerladina,Pitchford,gpitchford9m@google.com,Female,55.81.153.25
348,Row,Slograve,rslograve9n@instagram.com,Female,214.63.200.95
349,Dew,Pentycost,dpentycost9o@unblog.fr,Male,166.4.73.103
350,Kerk,Baldrey,kbaldrey9p@google.it,Male,92.224.120.141
351,Bronson,Donnan,bdonnan9q@nba.com,Male,93.216.188.176
352,Olympie,Cull,ocull9r@hp.com,Female,198.175.249.56
353,Clementius,Facey,cfacey9s@baidu.com,Male,32.82.210.132
354,Broddy,Nation,bnation9t@youku.com,Male,232.67.47.75
355,Glen,Eaden,geaden9u@mtv.com,Female,8.34.216.88
356,Niven,Cattemull,ncattemull9v@fda.gov,Male,232.55.83.54
357,Ashlin,Laborda,alaborda9w@admin.ch,Male,172.96.255.69
358,Aharon,Janning,ajanning9x@smh.com.au,Male,24.89.19.108
359,Kalinda,Gregoli,kgregoli9y@skype.com,Female,5.212.104.214
360,Marys,Giblin,mgiblin9z@google.cn,Female,59.242.79.53
361,Arthur,Zielinski,azielinskia0@adobe.com,Male,138.46.28.44
362,Valentino,Aaronsohn,vaaronsohna1@wordpress.org,Male,71.163.238.244
363,Evelyn,Knevet,ekneveta2@latimes.com,Female,144.197.197.2
364,Rob,Soltan,rsoltana3@tmall.com,Male,57.31.255.243
365,Dalis,Bruyntjes,dbruyntjesa4@e-recht24.de,Male,203.226.169.177
366,Ophelia,Senecaux,osenecauxa5@army.mil,Female,42.14.250.173
367,Thea,Goodyear,tgoodyeara6@ovh.net,Female,41.103.79.71
368,Evvy,Scimonelli,escimonellia7@google.com,Female,10.68.132.160
369,Natale,Layus,nlayusa8@360.cn,Male,204.119.5.4
370,Randolf,Ashdown,rashdowna9@simplemachines.org,Male,132.113.89.247
371,Ealasaid,Hirtz,ehirtzaa@va.gov,Female,29.114.222.196
372,Brodie,Gianolo,bgianoloab@networksolutions.com,Male,191.152.61.40
373,Hephzibah,Norcutt,hnorcuttac@google.com.au,Female,1.27.219.84
374,Roderigo,Alpine,ralpinead@dyndns.org,Male,35.128.4.39
375,Sampson,Biscomb,sbiscombae@ebay.co.uk,Male,200.49.130.27
376,Roanne,Lawn,rlawnaf@phoca.cz,Female,58.66.153.160
377,Brannon,Gingles,bginglesag@hp.com,Male,28.126.71.231
378,Gerrard,Castello,gcastelloah@webs.com,Male,229.167.205.7
379,Morgan,Kennagh,mkennaghai@usa.gov,Male,201.41.219.98
380,Nanon,Whitecross,nwhitecrossaj@auda.org.au,Female,129.96.29.193
381,Dene,Mayow,dmayowak@amazon.co.uk,Male,140.194.51.222
382,Clemence,Garrelts,cgarreltsal@kickstarter.com,Female,65.116.172.31
383,Glen,Kochel,gkochelam@baidu.com,Male,212.93.232.11
384,Lani,Buske,lbuskean@springer.com,Female,179.225.178.194
385,Hendrika,Marishenko,hmarishenkoao@dyndns.org,Female,69.62.195.82
386,Filmore,Essel,fesselap@wordpress.com,Male,114.116.229.186
387,Meris,Beels,mbeelsaq@ftc.gov,Female,252.113.218.171
388,Anthe,Caine,acainear@prlog.org,Female,27.212.122.238
389,Jacquelyn,Stopper,jstopperas@ustream.tv,Female,101.142.43.29
390,Bradly,Haddow,bhaddowat@nydailynews.com,Male,146.124.58.186
391,Fleming,Aldie,faldieau@scribd.com,Male,155.139.103.136
392,Quentin,Simmans,qsimmansav@nature.com,Female,220.187.110.39
393,Therese,O'Hern,tohernaw@ox.ac.uk,Female,220.150.248.231
394,Ted,Potte,tpotteax@blogs.com,Male,172.235.248.152
395,Dulci,Kubik,dkubikay@istockphoto.com,Female,111.62.216.209
396,Lorrie,Barstow,lbarstowaz@godaddy.com,Male,213.11.98.170
397,Jesse,Salvage,jsalvageb0@github.com,Male,223.114.113.1
398,Pearla,Faithfull,pfaithfullb1@sakura.ne.jp,Female,40.102.137.193
399,Lurleen,Fritter,lfritterb2@census.gov,Female,182.181.127.222
400,Clarette,Bareford,cbarefordb3@ucsd.edu,Female,177.52.99.8
401,Idette,Beadnell,ibeadnellb4@biblegateway.com,Female,23.92.51.228
402,Danita,Elgy,delgyb5@wix.com,Female,95.131.22.233
403,Caralie,Pozzi,cpozzib6@apache.org,Female,183.170.81.104
404,Maurits,Espinoy,mespinoyb7@ning.com,Male,6.65.127.157
405,Burnaby,Proback,bprobackb8@youtube.com,Male,4.145.102.21
406,Rafferty,OIlier,roilierb9@nytimes.com,Male,215.33.95.17
407,Bab,Micheau,bmicheauba@howstuffworks.com,Female,186.191.253.23
408,Salvatore,Autrie,sautriebb@weibo.com,Male,235.181.135.148
409,Gail,Elleray,gelleraybc@yellowbook.com,Male,20.95.133.127
410,Klaus,Levi,klevibd@illinois.edu,Male,243.219.222.0
411,Maurizio,Kemston,mkemstonbe@e-recht24.de,Male,33.122.112.158
412,Kaila,Enterlein,kenterleinbf@histats.com,Female,47.234.24.131
413,Mozelle,Jiles,mjilesbg@senate.gov,Female,39.61.224.177
414,Francois,Andreev,fandreevbh@posterous.com,Male,118.224.179.17
415,Gretal,Matuschek,gmatuschekbi@ameblo.jp,Female,105.33.161.151
416,Cris,Signe,csignebj@va.gov,Male,87.167.96.6
417,Clarine,Benettini,cbenettinibk@amazon.co.uk,Female,117.178.14.57
418,Beulah,Bread,bbreadbl@icq.com,Female,92.177.237.202
419,Georgeanna,Ventris,gventrisbm@github.com,Female,62.119.44.172
420,Devina,Chazotte,dchazottebn@sciencedaily.com,Female,209.192.161.117
421,Indira,Pinnegar,ipinnegarbo@twitter.com,Female,164.217.44.149
422,Maude,Bagott,mbagottbp@infoseek.co.jp,Female,90.63.137.71
423,Rafe,Waliszewski,rwaliszewskibq@devhub.com,Male,154.234.140.95
424,Stillman,Duckering,sduckeringbr@simplemachines.org,Male,217.59.213.221
425,Darbie,Chalmers,dchalmersbs@toplist.cz,Female,165.111.245.157
426,Barnabe,Doy,bdoybt@acquirethisname.com,Male,65.53.136.11
427,Serene,Corness,scornessbu@opera.com,Female,135.174.213.134
428,Valaria,Cornuau,vcornuaubv@sun.com,Female,205.26.36.127
429,Wynn,Mifflin,wmifflinbw@diigo.com,Female,27.178.86.238
430,Zane,Nucci,znuccibx@ihg.com,Male,52.164.70.232
431,Mandi,Swindell,mswindellby@yelp.com,Female,129.111.250.174
432,Lurline,Veivers,lveiversbz@abc.net.au,Female,147.54.110.214
433,Charo,Twitching,ctwitchingc0@yolasite.com,Female,0.145.182.155
434,Ivie,Yakobovicz,iyakoboviczc1@earthlink.net,Female,73.244.98.221
435,Budd,Rulten,brultenc2@thetimes.co.uk,Male,247.103.53.82
436,Mavis,Dellenbrok,mdellenbrokc3@eepurl.com,Female,174.222.87.23
437,Lorilee,Baxstare,lbaxstarec4@narod.ru,Female,182.60.3.197
438,Heinrick,Sanney,hsanneyc5@instagram.com,Male,169.193.81.254
439,Diana,Franceschelli,dfranceschellic6@bluehost.com,Female,78.214.98.206
440,Derward,Smalles,dsmallesc7@hexun.com,Male,250.31.212.135
441,Lotti,Longega,llongegac8@ucla.edu,Female,18.224.74.248
442,Korie,Sutheran,ksutheranc9@sbwire.com,Female,216.107.182.129
443,Karlik,Chinge,kchingeca@aboutads.info,Male,147.10.191.190
444,Sandy,Cowdroy,scowdroycb@wikimedia.org,Male,244.239.215.61
445,Lefty,Deakin,ldeakincc@mtv.com,Male,23.158.30.248
446,Elinore,Crass,ecrasscd@seesaa.net,Female,30.57.209.214
447,Jule,Bigglestone,jbigglestonece@statcounter.com,Male,168.167.232.237
448,Deny,Jakeman,djakemancf@ocn.ne.jp,Female,65.152.33.52
449,Harv,Olivie,holiviecg@phpbb.com,Male,150.193.32.151
450,Al,Maffiotti,amaffiottich@sun.com,Male,39.138.207.162
451,Cece,Younie,cyounieci@cam.ac.uk,Male,164.66.246.158
452,Padgett,Archibould,parchibouldcj@indiatimes.com,Male,112.58.192.156
453,Caryn,Sybry,csybryck@tiny.cc,Female,113.177.190.45
454,Liane,Barden,lbardencl@clickbank.net,Female,27.2.250.206
455,Kerrie,Whitrod,kwhitrodcm@typepad.com,Female,142.230.173.242
456,Lutero,Bogaert,lbogaertcn@quantcast.com,Male,112.12.250.179
457,Diego,Sutheran,dsutheranco@goo.ne.jp,Male,209.126.126.115
458,Adey,Brauns,abraunscp@istockphoto.com,Female,253.222.195.36
459,Mar,Kiera,mkieracq@i2i.jp,Male,45.77.75.41
460,Ynes,Lovering,yloveringcr@gmpg.org,Female,173.54.195.95
461,Lurleen,Syphus,lsyphuscs@alibaba.com,Female,235.36.17.241
462,Filia,Bonevant,fbonevantct@japanpost.jp,Female,156.162.34.106
463,Larine,Paulley,lpaulleycu@macromedia.com,Female,122.78.145.217
464,Irena,Deinhard,ideinhardcv@dedecms.com,Female,253.175.235.32
465,Cele,Amyes,camyescw@123-reg.co.uk,Female,21.225.147.151
466,Rodger,Janicijevic,rjanicijeviccx@bluehost.com,Male,192.81.6.194
467,Benito,Larham,blarhamcy@mac.com,Male,43.147.77.141
468,Patric,Boij,pboijcz@goo.ne.jp,Male,128.203.25.183
469,Cordell,Agney,cagneyd0@list-manage.com,Male,113.6.226.221
470,Chaddy,Eliez,celiezd1@admin.ch,Male,38.179.41.48
471,Fawnia,Knotton,fknottond2@51.la,Female,245.130.246.204
472,Corina,Alps,calpsd3@theatlantic.com,Female,229.61.186.21
473,Allen,Christer,achristerd4@typepad.com,Male,194.79.233.130
474,Kimmy,Shatliffe,kshatliffed5@businessweek.com,Female,219.128.11.171
475,Tessa,Gudgion,tgudgiond6@qq.com,Female,126.49.218.56
476,Cynde,Margerrison,cmargerrisond7@blogger.com,Female,95.23.246.110
477,Roddy,Paske,rpasked8@msu.edu,Male,78.173.64.225
478,Paulo,Cyples,pcyplesd9@theglobeandmail.com,Male,142.121.84.92
479,Ashton,Tran,atranda@shinystat.com,Male,110.98.37.48
480,Ernest,Becom,ebecomdb@guardian.co.uk,Male,199.54.252.186
481,Bartolemo,Whitehall,bwhitehalldc@technorati.com,Male,46.210.121.121
482,Jessika,Hennington,jhenningtondd@mediafire.com,Female,152.100.223.110
483,Orazio,Buxcey,obuxceyde@taobao.com,Male,101.221.209.165
484,Aline,Gobourn,agobourndf@examiner.com,Female,244.153.201.16
485,Aymer,Haslam,ahaslamdg@freewebs.com,Male,159.73.227.185
486,Annelise,Cullinan,acullinandh@netvibes.com,Female,0.57.152.70
487,Marget,Krammer,mkrammerdi@blogs.com,Female,239.142.224.168
488,Rochella,Fairfull,rfairfulldj@theguardian.com,Female,90.30.250.21
489,Lewiss,Kliemann,lkliemanndk@prnewswire.com,Male,231.63.80.73
490,Taffy,Drage,tdragedl@nsw.gov.au,Female,129.119.21.196
491,Erick,O'Curran,eocurrandm@fotki.com,Male,68.137.136.154
492,Filip,Skea,fskeadn@irs.gov,Male,126.220.94.51
493,Raff,Ketteringham,rketteringhamdo@who.int,Male,216.219.12.49
494,Yehudi,Hounihan,yhounihandp@icq.com,Male,77.238.21.36
495,Janaya,Simoneau,jsimoneaudq@google.com.br,Female,188.197.83.15
496,Muffin,Edmott,medmottdr@behance.net,Male,137.77.63.158
497,Yuri,Alekhov,yalekhovds@clickbank.net,Male,174.137.41.99
498,Leisha,Orrice,lorricedt@bravesites.com,Female,158.206.163.72
499,Valaree,Fideler,vfidelerdu@auda.org.au,Female,8.58.138.74
500,Dominique,Witt,dwittdv@jugem.jp,Male,221.239.18.157
501,Hayward,Permain,hpermaindw@wufoo.com,Male,128.50.84.158
502,Fredelia,Buche,fbuchedx@addtoany.com,Female,47.77.198.33
503,Markos,Gillson,mgillsondy@nationalgeographic.com,Male,70.212.10.191
504,Bernie,Eltringham,beltringhamdz@livejournal.com,Female,248.73.165.64
505,Tannie,Hannabuss,thannabusse0@fc2.com,Male,187.70.104.231
506,Flin,Crawshay,fcrawshaye1@bbb.org,Male,18.241.52.141
507,Harper,Kitchenman,hkitchenmane2@cnet.com,Male,22.1.251.231
508,Hermann,Cartwight,hcartwighte3@google.ru,Male,224.192.156.116
509,Jacinda,Tuffey,jtuffeye4@google.es,Female,88.81.206.235
510,Tessy,Sadat,tsadate5@nps.gov,Female,15.137.166.41
511,Lesli,Bauduccio,lbauduccioe6@altervista.org,Female,193.191.37.24
512,Kathlin,Shemming,kshemminge7@squarespace.com,Female,182.12.218.188
513,Samaria,Longcaster,slongcastere8@booking.com,Female,98.90.234.150
514,Sindee,Clemett,sclemette9@parallels.com,Female,59.196.137.42
515,Karrie,Hatry,khatryea@histats.com,Female,86.41.221.67
516,Alexi,Flowers,aflowerseb@tiny.cc,Female,53.233.145.5
517,Mead,Kirke,mkirkeec@irs.gov,Male,8.68.84.175
518,Gavrielle,Buckberry,gbuckberryed@webeden.co.uk,Female,201.48.254.242
519,Vin,Childes,vchildesee@indiegogo.com,Male,157.150.13.231
520,Perle,Townshend,ptownshendef@washingtonpost.com,Female,25.110.249.214
521,Ole,Fawdrie,ofawdrieeg@goodreads.com,Male,95.243.216.25
522,Rennie,Colkett,rcolketteh@oracle.com,Female,83.52.223.173
523,Catherina,Hinsche,chinscheei@ustream.tv,Female,70.80.32.5
524,Elisha,Osmund,eosmundej@bloglovin.com,Female,69.25.247.17
525,Agustin,Paschek,apaschekek@privacy.gov.au,Male,37.92.79.184
526,Agosto,Snoddin,asnoddinel@google.fr,Male,98.173.167.169
527,Pincas,Chitham,pchithamem@geocities.com,Male,179.162.112.138
528,Idaline,Dybbe,idybbeen@feedburner.com,Female,153.9.19.137
529,Eziechiele,Schimmang,eschimmangeo@addtoany.com,Male,112.164.218.251
530,Gabey,Kirkam,gkirkamep@unblog.fr,Female,167.150.205.245
531,Trumann,Caesmans,tcaesmanseq@wufoo.com,Male,225.92.102.121
532,Mandel,Eskrigge,meskriggeer@state.gov,Male,127.249.86.254
533,Ilse,Lambarth,ilambarthes@theglobeandmail.com,Female,59.168.107.148
534,Dallas,Dimelow,ddimelowet@prnewswire.com,Male,27.158.52.210
535,Zelma,Benam,zbenameu@flickr.com,Female,14.20.192.197
536,Elita,Mewha,emewhaev@sina.com.cn,Female,234.76.14.250
537,Kellia,Shoard,kshoardew@amazon.com,Female,154.236.93.135
538,Osbourne,Blasdale,oblasdaleex@blinklist.com,Male,150.68.16.221
539,Andy,Marshfield,amarshfieldey@disqus.com,Female,105.116.67.142
540,Ibby,Coveley,icoveleyez@google.com,Female,124.100.200.252
541,Coleman,Neal,cnealf0@paypal.com,Male,176.188.106.59
542,Teodor,Garred,tgarredf1@delicious.com,Male,89.169.251.231
543,Jocko,Summerley,jsummerleyf2@jugem.jp,Male,135.201.108.101
544,Hughie,Huxham,hhuxhamf3@pen.io,Male,152.44.171.180
545,Shanan,Tumelty,stumeltyf4@walmart.com,Male,100.215.143.181
546,Atlanta,Flowerdew,aflowerdewf5@huffingtonpost.com,Female,203.19.106.143
547,Vassily,Kier,vkierf6@godaddy.com,Male,65.49.79.215
548,Agace,Stubs,astubsf7@elegantthemes.com,Female,87.118.196.14
549,Nikos,Bencher,nbencherf8@youku.com,Male,8.240.246.195
550,Noland,Fessions,nfessionsf9@psu.edu,Male,92.86.93.26
551,Tibold,Stapylton,tstapyltonfa@miitbeian.gov.cn,Male,12.204.124.99
552,Joachim,Foley,jfoleyfb@toplist.cz,Male,20.16.158.237
553,Clive,Leonarde,cleonardefc@biblegateway.com,Male,87.252.47.108
554,Pebrook,Caustic,pcausticfd@sbwire.com,Male,241.94.168.251
555,Guss,Stenson,gstensonfe@usgs.gov,Male,201.35.99.19
556,Granger,Henriquet,ghenriquetff@marriott.com,Male,38.170.16.224
557,Francoise,Morriarty,fmorriartyfg@illinois.edu,Female,237.22.70.72
558,Maddi,McMoyer,mmcmoyerfh@moonfruit.com,Female,123.89.14.58
559,Sullivan,Gerwood,sgerwoodfi@storify.com,Male,222.48.193.207
560,Elfrieda,Poate,epoatefj@tripod.com,Female,198.126.166.123
561,Cheri,Oxbrough,coxbroughfk@tuttocitta.it,Female,115.86.145.154
562,Denys,Darrach,ddarrachfl@reverbnation.com,Male,156.118.126.138
563,Laverna,Magenny,lmagennyfm@apache.org,Female,254.85.191.57
564,Tim,Rousell,trousellfn@xrea.com,Female,88.245.57.237
565,Darell,Dudman,ddudmanfo@creativecommons.org,Female,214.174.60.180
566,Melisenda,Headech,mheadechfp@bloglovin.com,Female,224.177.72.148
567,Sissy,Rushbrook,srushbrookfq@about.me,Female,12.89.42.24
568,Berthe,Wasylkiewicz,bwasylkiewiczfr@imdb.com,Female,45.123.124.143
569,Libbie,Cantero,lcanterofs@nature.com,Female,160.104.223.7
570,Murdock,Coughan,mcoughanft@aol.com,Male,60.173.127.34
571,Hazel,Kurdani,hkurdanifu@alexa.com,Male,41.158.216.34
572,Connie,Curnow,ccurnowfv@facebook.com,Male,175.229.50.40
573,Ciro,Nortcliffe,cnortcliffefw@sciencedaily.com,Male,117.98.249.107
574,Brannon,Segge,bseggefx@google.ca,Male,155.75.131.107
575,Lorene,Rops,lropsfy@noaa.gov,Female,130.3.89.112
576,Reggy,Nazair,rnazairfz@google.com,Male,45.151.30.227
577,Hew,Beardsall,hbeardsallg0@home.pl,Male,210.203.90.138
578,Cleavland,Prose,cproseg1@oracle.com,Male,161.45.33.57
579,Shannan,Izchaki,sizchakig2@apache.org,Male,143.162.1.175
580,Woodman,Duetsche,wduetscheg3@msn.com,Male,177.181.80.139
581,Penny,Ambrogini,pambroginig4@washington.edu,Male,255.27.71.144
582,Gunter,Tindley,gtindleyg5@mediafire.com,Male,83.153.97.156
583,Bondie,Chishull,bchishullg6@sogou.com,Male,202.188.238.39
584,Otes,Blackburne,oblackburneg7@vinaora.com,Male,9.30.127.222
585,Gilburt,Crookshank,gcrookshankg8@gizmodo.com,Male,189.223.254.241
586,Xaviera,Kordt,xkordtg9@amazonaws.com,Female,153.230.74.67
587,Marty,Fricker,mfrickerga@google.es,Male,194.248.251.178
588,Richard,Liell,rliellgb@aboutads.info,Male,117.178.216.223
589,Adorne,Stickland,asticklandgc@ucsd.edu,Female,33.243.128.214
590,Priscilla,Henzley,phenzleygd@vistaprint.com,Female,98.67.80.145
591,Barnabas,Dorward,bdorwardge@mapy.cz,Male,14.199.76.173
592,Debor,Marcu,dmarcugf@t-online.de,Female,95.10.157.230
593,Kalli,Cota,kcotagg@wufoo.com,Female,143.10.157.247
594,Jorge,Sorrie,jsorriegh@storify.com,Male,61.75.176.33
595,Kippie,Leach,kleachgi@gmpg.org,Male,203.243.178.62
596,Gillian,Fielding,gfieldinggj@jugem.jp,Female,107.24.253.84
597,Karleen,Stoad,kstoadgk@illinois.edu,Female,20.255.39.230
598,Corliss,Pavier,cpaviergl@irs.gov,Female,92.129.111.194
599,Bryn,Corkish,bcorkishgm@canalblog.com,Male,174.244.164.115
600,Joelynn,Woodhall,jwoodhallgn@wikipedia.org,Female,185.11.208.80
601,Ira,McGavigan,imcgavigango@xinhuanet.com,Male,188.255.95.99
602,Emilia,Gullick,egullickgp@latimes.com,Female,223.51.226.223
603,Deva,East,deastgq@photobucket.com,Female,205.2.11.99
604,Farlay,McGeachey,fmcgeacheygr@gmpg.org,Male,28.4.196.207
605,Amabel,Jacobovitch,ajacobovitchgs@forbes.com,Female,68.108.125.79
606,Mair,McArt,mmcartgt@yellowpages.com,Female,139.124.240.196
607,Nerti,Vandenhoff,nvandenhoffgu@infoseek.co.jp,Female,21.58.37.75
608,Bram,Spickett,bspickettgv@sohu.com,Male,57.62.110.213
609,Ginny,Craythorn,gcraythorngw@answers.com,Female,220.67.181.68
610,Rosella,Tregunna,rtregunnagx@furl.net,Female,211.39.224.8
611,Moria,Yukhnov,myukhnovgy@discuz.net,Female,107.179.79.156
612,Gunner,Bertram,gbertramgz@ycombinator.com,Male,50.19.14.152
613,Cullen,Fust,cfusth0@imageshack.us,Male,94.215.68.181
614,Erek,Robichon,erobichonh1@columbia.edu,Male,176.45.4.153
615,Hill,Pach,hpachh2@java.com,Male,232.112.142.73
616,Shaw,Reddie,sreddieh3@arizona.edu,Male,86.122.241.195
617,Price,Fardon,pfardonh4@omniture.com,Male,82.215.63.71
618,Lynnea,Pratt,lpratth5@loc.gov,Female,150.194.128.197
619,Mel,Neasam,mneasamh6@bloglines.com,Female,133.190.49.6
620,Dede,Sachno,dsachnoh7@yale.edu,Female,198.227.104.214
621,Doralynn,Ramsell,dramsellh8@arizona.edu,Female,144.61.229.9
622,Connor,Stephens,cstephensh9@free.fr,Male,149.22.21.18
623,Morgun,Murie,mmurieha@ask.com,Male,254.246.218.152
624,Nyssa,Smardon,nsmardonhb@telegraph.co.uk,Female,207.225.239.94
625,Augy,Blasl,ablaslhc@ebay.com,Male,78.50.151.148
626,Ernie,Heckney,eheckneyhd@yelp.com,Male,228.161.200.2
627,Delbert,Broadbear,dbroadbearhe@msu.edu,Male,64.208.48.37
628,Jeremy,Hardson,jhardsonhf@google.es,Male,156.25.31.62
629,Reese,Whitehouse,rwhitehousehg@163.com,Male,187.153.114.23
630,Candide,Georgeou,cgeorgeouhh@chicagotribune.com,Female,81.35.240.77
631,Cristiano,Nabarro,cnabarrohi@so-net.ne.jp,Male,205.15.255.200
632,Rob,Oolahan,roolahanhj@harvard.edu,Male,202.46.211.239
633,Wernher,Caught,wcaughthk@weebly.com,Male,126.136.203.64
634,Jenica,Lightman,jlightmanhl@weather.com,Female,132.241.44.206
635,Lia,Origan,loriganhm@ovh.net,Female,53.48.178.249
636,Dorry,Conway,dconwayhn@timesonline.co.uk,Female,27.4.244.7
637,Ashton,Bog,abogho@slate.com,Male,93.26.77.192
638,Tabbi,Goade,tgoadehp@cocolog-nifty.com,Female,149.93.244.47
639,Adan,Sexti,asextihq@msu.edu,Male,41.28.186.196
640,Catarina,Kulis,ckulishr@gravatar.com,Female,91.233.157.154
641,Esther,MacNeilly,emacneillyhs@tinypic.com,Female,123.247.245.0
642,Jobi,Lemonby,jlemonbyht@flavors.me,Female,74.121.77.214
643,Wilton,Butland,wbutlandhu@a8.net,Male,73.123.246.113
644,Heall,Jephson,hjephsonhv@ask.com,Male,75.141.219.244
645,Allyce,Cadwell,acadwellhw@sitemeter.com,Female,47.176.124.160
646,Jordon,Lee,jleehx@sina.com.cn,Male,74.207.221.173
647,Huberto,Jiri,hjirihy@howstuffworks.com,Male,74.139.154.247
648,Shannan,Attenburrow,sattenburrowhz@fema.gov,Male,78.244.40.196
649,Ichabod,Capelow,icapelowi0@alibaba.com,Male,200.3.157.207
650,Nona,Duncombe,nduncombei1@google.co.uk,Female,52.96.142.48
651,Ignazio,Delcastel,idelcasteli2@canalblog.com,Male,159.48.242.75
652,Etty,Antliff,eantliffi3@webnode.com,Female,56.99.209.238
653,Graeme,Keasy,gkeasyi4@dagondesign.com,Male,201.24.254.101
654,Mathilda,Kern,mkerni5@globo.com,Female,147.70.62.205
655,Free,Arnao,farnaoi6@earthlink.net,Male,198.50.37.15
656,Rik,Arnett,rarnetti7@artisteer.com,Male,101.251.146.93
657,Marleah,Potes,mpotesi8@oracle.com,Female,72.175.239.109
658,Renee,Pischof,rpischofi9@rambler.ru,Female,151.141.14.149
659,Vincenz,Todaro,vtodaroia@addtoany.com,Male,253.18.130.232
660,Becki,Paff,bpaffib@mit.edu,Female,214.185.27.55
661,Andriana,Inchbald,ainchbaldic@admin.ch,Female,156.176.228.137
662,Evelina,Doel,edoelid@shutterfly.com,Female,66.35.220.52
663,Wynn,Solomon,wsolomonie@soundcloud.com,Female,221.144.72.174
664,Rafaelita,Gallaher,rgallaherif@marketwatch.com,Female,120.17.204.11
665,Eugenius,Myerscough,emyerscoughig@hubpages.com,Male,48.17.81.224
666,Eugine,Pfeiffer,epfeifferih@bloglovin.com,Female,155.149.169.152
667,Clemmy,Gummoe,cgummoeii@nbcnews.com,Female,23.221.67.68
668,Norman,Lyst,nlystij@businesswire.com,Male,97.131.60.195
669,Merola,Coales,mcoalesik@yandex.ru,Female,57.251.224.130
670,Sigrid,Farherty,sfarhertyil@usnews.com,Female,15.111.152.104
671,Derby,Elmer,delmerim@irs.gov,Male,14.41.208.79
672,Franni,Baskeyfield,fbaskeyfieldin@tiny.cc,Female,216.64.85.21
673,Ailyn,Sawley,asawleyio@dagondesign.com,Female,52.37.174.60
674,Adriana,Shotboulte,ashotboulteip@patch.com,Female,202.11.229.169
675,Hirsch,Tours,htoursiq@time.com,Male,50.99.72.185
676,Rockie,Dahmke,rdahmkeir@dedecms.com,Male,71.255.184.224
677,Norby,Glynn,nglynnis@upenn.edu,Male,193.20.243.63
678,York,Gurge,ygurgeit@blog.com,Male,133.231.10.90
679,Dmitri,Count,dcountiu@slate.com,Male,240.10.235.209
680,Audie,D'Aeth,adaethiv@usda.gov,Female,102.216.64.111
681,Maritsa,Tratton,mtrattoniw@xing.com,Female,124.36.30.152
682,Kayne,McNiven,kmcnivenix@latimes.com,Male,17.205.171.137
683,Koren,Cauderlie,kcauderlieiy@paypal.com,Female,51.75.181.43
684,Thornie,McTeer,tmcteeriz@xinhuanet.com,Male,189.155.227.2
685,Royal,Pumphrey,rpumphreyj0@utexas.edu,Male,205.182.31.254
686,Stacee,Sexcey,ssexceyj1@illinois.edu,Female,41.233.150.33
687,Johnny,Fleming,jflemingj2@infoseek.co.jp,Male,208.191.254.89
688,Gaile,Ramas,gramasj3@washingtonpost.com,Male,120.252.38.237
689,Terrence,Blackmore,tblackmorej4@dagondesign.com,Male,197.154.129.190
690,Dniren,Friel,dfrielj5@dot.gov,Female,133.97.181.4
691,Granthem,Ambroz,gambrozj6@archive.org,Male,193.168.228.8
692,Pepito,Churchlow,pchurchlowj7@geocities.com,Male,227.84.226.64
693,Dulci,Madigan,dmadiganj8@hubpages.com,Female,151.178.143.71
694,Wilma,Coull,wcoullj9@tinypic.com,Female,245.86.22.13
695,Sander,Edgeller,sedgellerja@techcrunch.com,Male,215.59.24.61
696,Evelyn,Dibb,edibbjb@hp.com,Male,98.239.63.112
697,Clevie,Attawell,cattawelljc@bloomberg.com,Male,93.133.85.190
698,Federica,Garriock,fgarriockjd@hugedomains.com,Female,106.241.41.218
699,Montgomery,Lott,mlottje@youku.com,Male,73.186.241.188
700,Pembroke,Hales,phalesjf@pcworld.com,Male,251.85.50.19
701,Eugenio,Aikett,eaikettjg@wunderground.com,Male,176.239.2.78
702,Maurizia,Mathelon,mmathelonjh@businessinsider.com,Female,174.143.99.214
703,Julius,Simononsky,jsimononskyji@hao123.com,Male,253.255.238.114
704,Mella,Bute,mbutejj@japanpost.jp,Female,246.53.92.238
705,Isabeau,Anfusso,ianfussojk@moonfruit.com,Female,76.37.117.251
706,Lorrie,Sawl,lsawljl@blogtalkradio.com,Female,52.152.135.129
707,Nerita,Drewitt,ndrewittjm@nsw.gov.au,Female,114.76.75.166
708,Jennilee,Dunmore,jdunmorejn@theatlantic.com,Female,128.72.18.237
709,Constanta,Genders,cgendersjo@vistaprint.com,Female,126.127.169.109
710,Trumann,Axworthy,taxworthyjp@si.edu,Male,178.94.220.71
711,Tracie,Stienham,tstienhamjq@hao123.com,Male,84.65.107.71
712,Farah,Fedder,ffedderjr@yellowbook.com,Female,158.133.32.18
713,Zacharie,Fuke,zfukejs@ustream.tv,Male,148.47.226.190
714,Lin,Southan,lsouthanjt@patch.com,Female,190.232.187.137
715,Camilla,Gorringe,cgorringeju@engadget.com,Female,150.21.119.69
716,Marleah,Ollier,mollierjv@smugmug.com,Female,15.25.10.110
717,Todd,Salliss,tsallissjw@taobao.com,Male,122.15.114.43
718,Estrellita,Doerling,edoerlingjx@ibm.com,Female,157.147.186.224
719,Lucine,Massard,lmassardjy@washington.edu,Female,34.213.120.206
720,Lisle,Sweatland,lsweatlandjz@adobe.com,Male,229.142.139.66
721,Marv,Heinz,mheinzk0@usatoday.com,Male,171.134.156.218
722,Myrna,Meriguet,mmeriguetk1@nasa.gov,Female,190.31.59.242
723,Gray,Graine,ggrainek2@timesonline.co.uk,Female,244.137.3.249
724,Maye,Spilsted,mspilstedk3@princeton.edu,Female,43.186.9.29
725,My,Cossell,mcossellk4@yellowbook.com,Male,91.255.4.255
726,Tobe,Guntrip,tguntripk5@java.com,Female,184.0.95.106
727,Phelia,Carbert,pcarbertk6@shutterfly.com,Female,235.12.134.62
728,Artemas,Hellings,ahellingsk7@wiley.com,Male,139.182.160.231
729,Dareen,Dacke,ddackek8@last.fm,Female,97.140.137.111
730,Cad,Kinig,ckinigk9@typepad.com,Male,98.42.214.180
731,Rodrique,Sertin,rsertinka@admin.ch,Male,229.20.81.90
732,Angus,Yerrall,ayerrallkb@desdev.cn,Male,177.118.188.37
733,Oralle,Ramas,oramaskc@ezinearticles.com,Female,188.187.231.26
734,Katlin,Haliburton,khaliburtonkd@clickbank.net,Female,23.120.59.61
735,Judon,Varnes,jvarneske@webs.com,Male,4.148.236.206
736,Fern,Jervis,fjerviskf@linkedin.com,Female,91.150.74.4
737,Sergei,Crichmer,scrichmerkg@msn.com,Male,54.224.234.20
738,Federica,Grigolashvill,fgrigolashvillkh@w3.org,Female,138.177.195.122
739,Archaimbaud,Dibdall,adibdallki@ow.ly,Male,240.87.51.76
740,Rube,Maffulli,rmaffullikj@shareasale.com,Male,169.192.163.76
741,Stacey,Whartonby,swhartonbykk@clickbank.net,Female,132.61.192.184
742,Alexis,Gilbody,agilbodykl@amazonaws.com,Male,201.233.63.152
743,Dynah,Prosek,dprosekkm@tumblr.com,Female,255.190.5.248
744,Dru,Alvares,dalvareskn@usnews.com,Male,130.187.91.184
745,Bondie,Riddock,briddockko@who.int,Male,25.175.59.193
746,Aubrey,Crank,acrankkp@blinklist.com,Male,170.45.5.22
747,Jennica,Shafto,jshaftokq@usa.gov,Female,217.158.76.205
748,Serena,Gernier,sgernierkr@addtoany.com,Female,69.213.58.78
749,Pippo,Martyn,pmartynks@army.mil,Male,77.113.132.131
750,Camella,Liffey,cliffeykt@paypal.com,Female,201.123.95.128
751,Nannette,Tonner,ntonnerku@networkadvertising.org,Female,99.77.160.113
752,Ashlin,Gellert,agellertkv@psu.edu,Male,211.148.159.209
753,Vergil,Cornew,vcornewkw@ox.ac.uk,Male,224.227.77.202
754,Lissy,Bonnaire,lbonnairekx@salon.com,Female,73.54.207.26
755,Athena,Fumagalli,afumagalliky@github.io,Female,196.122.7.164
756,Hilario,Wankel,hwankelkz@bigcartel.com,Male,22.124.161.170
757,Even,Joanic,ejoanicl0@taobao.com,Male,179.203.129.105
758,Rosabel,Hirthe,rhirthel1@deliciousdays.com,Female,177.201.12.222
759,Washington,Sigg,wsiggl2@ftc.gov,Male,81.209.76.244
760,Chance,Wetherhead,cwetherheadl3@4shared.com,Male,232.39.120.188
761,Myra,Prendeville,mprendevillel4@army.mil,Female,187.68.199.26
762,Merrile,Barrowcliffe,mbarrowcliffel5@cbsnews.com,Female,172.0.55.89
763,Blake,Slorach,bslorachl6@taobao.com,Female,205.189.40.57
764,Shem,Coode,scoodel7@examiner.com,Male,104.56.73.149
765,Prent,Hammond,phammondl8@webnode.com,Male,178.231.25.153
766,Andras,Load,aloadl9@vinaora.com,Male,102.231.115.213
767,Aile,Schultes,aschultesla@goo.gl,Female,246.107.61.157
768,Angelo,Kinset,akinsetlb@gmpg.org,Male,180.83.157.218
769,Daren,Maffini,dmaffinilc@cpanel.net,Male,108.56.101.136
770,Eileen,Feary,efearyld@netscape.com,Female,61.209.66.219
771,Sutherlan,Selborne,sselbornele@google.fr,Male,41.154.180.216
772,Kerby,Jerram,kjerramlf@statcounter.com,Male,118.43.226.191
773,Forbes,Agney,fagneylg@chronoengine.com,Male,108.251.84.215
774,Laughton,Ginnaly,lginnalylh@blog.com,Male,126.50.51.202
775,Celina,Lyver,clyverli@adobe.com,Female,95.115.82.251
776,Kerwinn,Heap,kheaplj@toplist.cz,Male,151.29.93.244
777,Kahlil,Smitton,ksmittonlk@free.fr,Male,144.229.185.69
778,Jock,Absolem,jabsolemll@timesonline.co.uk,Male,164.152.82.97
779,Cristina,Markovic,cmarkoviclm@cdc.gov,Female,24.118.101.252
780,Son,Alcorn,salcornln@cloudflare.com,Male,16.186.12.182
781,Brandea,Brusle,bbruslelo@ifeng.com,Female,255.192.37.98
782,Ring,Batting,rbattinglp@jugem.jp,Male,40.221.85.228
783,Tommy,Lindstrom,tlindstromlq@ox.ac.uk,Male,52.23.102.183
784,Germain,Kirsz,gkirszlr@hao123.com,Male,11.224.223.166
785,Nicolle,Cranstone,ncranstonels@businessweek.com,Female,175.168.156.103
786,Clarine,Labone,clabonelt@last.fm,Female,201.109.201.72
787,Montague,Connaughton,mconnaughtonlu@php.net,Male,70.71.247.240
788,Eran,Mannagh,emannaghlv@bbb.org,Female,230.120.105.195
789,Eyde,Kaplin,ekaplinlw@cafepress.com,Female,138.239.122.215
790,Thaxter,Walster,twalsterlx@cbsnews.com,Male,78.25.51.203
791,Shaw,Cammish,scammishly@tumblr.com,Male,123.138.243.2
792,Ramona,Alfonsini,ralfonsinilz@microsoft.com,Female,84.211.80.237
793,Ricki,Ahrend,rahrendm0@earthlink.net,Female,112.222.176.162
794,Odell,Sperwell,osperwellm1@woothemes.com,Male,170.180.135.195
795,Sybille,Kingswood,skingswoodm2@comcast.net,Female,8.208.71.103
796,Sloan,Berrick,sberrickm3@stumbleupon.com,Male,0.94.127.41
797,Kermit,Carillo,kcarillom4@oaic.gov.au,Male,99.186.190.135
798,Antin,Wormstone,awormstonem5@barnesandnoble.com,Male,155.175.230.109
799,Milton,Poxson,mpoxsonm6@sina.com.cn,Male,102.40.92.178
800,Eleanora,Bogays,ebogaysm7@linkedin.com,Female,18.139.52.166
801,Marci,Carroll,mcarrollm8@marketwatch.com,Female,223.6.254.125
802,Demetrius,Jovasevic,djovasevicm9@linkedin.com,Male,225.112.11.118
803,Ruddy,Dumbrill,rdumbrillma@livejournal.com,Male,142.28.178.124
804,Dennison,Tethacot,dtethacotmb@uol.com.br,Male,150.248.207.31
805,Allsun,Joice,ajoicemc@businesswire.com,Female,250.73.226.198
806,Rory,Kloster,rklostermd@icio.us,Male,85.40.178.41
807,Gifford,Gisburn,ggisburnme@hugedomains.com,Male,201.251.79.180
808,Bobinette,Moorhouse,bmoorhousemf@google.fr,Female,238.80.122.178
809,Lucita,Pridden,lpriddenmg@seattletimes.com,Female,72.23.126.175
810,Romain,Penwell,rpenwellmh@mozilla.org,Male,134.6.21.117
811,Irvine,Perez,iperezmi@wordpress.com,Male,122.161.134.63
812,Will,Bendixen,wbendixenmj@telegraph.co.uk,Male,138.138.70.235
813,Hamlen,Luna,hlunamk@va.gov,Male,130.202.216.197
814,Granville,Domingues,gdominguesml@reuters.com,Male,240.250.118.155
815,Glyn,Litzmann,glitzmannmm@jimdo.com,Male,227.75.155.69
816,Berny,Dinnington,bdinningtonmn@sitemeter.com,Female,70.88.147.30
817,Locke,Ivatts,livattsmo@yale.edu,Male,53.49.4.105
818,Gustavus,Kenderdine,gkenderdinemp@blogger.com,Male,203.248.27.35
819,Jerad,Simmon,jsimmonmq@behance.net,Male,184.69.80.157
820,Dalli,Reiners,dreinersmr@slashdot.org,Male,230.39.225.58
821,Sherry,Hothersall,shothersallms@nyu.edu,Female,67.127.227.30
822,Glyn,Bewshaw,gbewshawmt@gmpg.org,Female,10.74.15.3
823,Eward,Coade,ecoademu@umich.edu,Male,107.159.203.48
824,Jonell,Heppner,jheppnermv@google.es,Female,121.42.76.104
825,Padraig,Abramovitz,pabramovitzmw@moonfruit.com,Male,199.74.16.231
826,Link,Grishukov,lgrishukovmx@w3.org,Male,101.60.1.151
827,Dora,Wailes,dwailesmy@wikimedia.org,Female,124.200.3.153
828,Clayson,Menendez,cmenendezmz@constantcontact.com,Male,218.212.59.80
829,Vale,Rampley,vrampleyn0@vimeo.com,Female,36.169.113.2
830,Cristy,Glew,cglewn1@deliciousdays.com,Female,123.151.7.95
831,Cheston,Sennett,csennettn2@plala.or.jp,Male,152.113.207.253
832,Catlaina,Lipmann,clipmannn3@printfriendly.com,Female,174.9.193.41
833,Kasper,Sleath,ksleathn4@harvard.edu,Male,72.55.36.84
834,Glynnis,Gillcrist,ggillcristn5@miibeian.gov.cn,Female,191.36.96.71
835,Maurizio,Benkin,mbenkinn6@irs.gov,Male,195.43.151.170
836,Yalonda,Pulfer,ypulfern7@nasa.gov,Female,238.111.231.187
837,Glynis,Kobus,gkobusn8@multiply.com,Female,198.20.40.149
838,Thornie,Blunsom,tblunsomn9@epa.gov,Male,34.87.71.133
839,Manolo,Denisot,mdenisotna@msn.com,Male,222.80.4.169
840,Parsifal,Vigne,pvignenb@google.co.uk,Male,55.12.228.31
841,Pattie,Capenor,pcapenornc@bigcartel.com,Male,25.223.98.116
842,Barris,O'Bruen,bobruennd@is.gd,Male,63.160.45.87
843,Hodge,Evetts,hevettsne@cyberchimps.com,Male,143.235.242.101
844,Willard,Smogur,wsmogurnf@xinhuanet.com,Male,54.85.60.58
845,Cully,Fairlaw,cfairlawng@foxnews.com,Male,72.242.89.193
846,Micheil,Deane,mdeanenh@bizjournals.com,Male,207.135.58.235
847,Sheri,Stihl,sstihlni@slideshare.net,Female,31.54.172.175
848,Gideon,Itzhak,gitzhaknj@ted.com,Male,187.7.50.37
849,Eddy,Barthel,ebarthelnk@hao123.com,Male,235.250.218.180
850,Katey,Ferrier,kferriernl@live.com,Female,136.217.75.80
851,Pauly,Tours,ptoursnm@studiopress.com,Female,248.92.86.52
852,Celia,Cullinane,ccullinanenn@usa.gov,Female,68.3.76.7
853,Pippa,Kadd,pkaddno@xing.com,Female,87.93.176.61
854,Oswell,Antonellini,oantonellininp@zdnet.com,Male,241.229.152.41
855,Bernhard,Lipp,blippnq@discuz.net,Male,65.230.129.109
856,Maisey,Kays,mkaysnr@intel.com,Female,71.23.111.188
857,Cozmo,O'Mullally,comullallyns@yellowbook.com,Male,110.211.30.125
858,Anselm,Biddy,abiddynt@hatena.ne.jp,Male,55.72.36.158
859,Quint,Grishaev,qgrishaevnu@blog.com,Male,160.194.43.202
860,Sebastian,Falk,sfalknv@springer.com,Male,122.211.22.225
861,Christoforo,Di Dello,cdidellonw@auda.org.au,Male,237.17.197.82
862,Percy,Jacobovitz,pjacobovitznx@privacy.gov.au,Male,112.164.151.94
863,Tommie,Leppard,tleppardny@msu.edu,Female,22.214.47.94
864,Arleta,Gaunson,agaunsonnz@geocities.jp,Female,136.75.173.233
865,Murry,Dalwood,mdalwoodo0@goodreads.com,Male,156.51.87.142
866,Ysabel,Roderighi,yroderighio1@cmu.edu,Female,43.255.149.23
867,Stanly,Bletcher,sbletchero2@sciencedaily.com,Male,75.180.102.144
868,Ives,Callacher,icallachero3@dot.gov,Male,186.37.181.129
869,Nichole,Hasty,nhastyo4@vinaora.com,Female,65.178.101.15
870,Arlana,Struthers,astrutherso5@live.com,Female,223.178.24.195
871,Ryan,Noddles,rnoddleso6@businessinsider.com,Male,61.165.193.141
872,Claudelle,Bouchard,cbouchardo7@sciencedaily.com,Female,148.180.169.67
873,Howard,Coldman,hcoldmano8@cargocollective.com,Male,49.33.9.13
874,Bryon,Haspineall,bhaspineallo9@wufoo.com,Male,67.95.203.136
875,Kyle,Kliemke,kkliemkeoa@geocities.jp,Female,212.231.182.16
876,Illa,Sprigin,ispriginob@webnode.com,Female,22.12.175.111
877,Dode,Surfleet,dsurfleetoc@geocities.com,Female,159.228.215.14
878,Darla,Giraux,dgirauxod@imgur.com,Female,188.178.82.223
879,Stacee,Hardan,shardanoe@bing.com,Male,94.35.14.196
880,Olly,Hyslop,ohyslopof@cbslocal.com,Male,116.4.102.9
881,Jeana,Tibbits,jtibbitsog@va.gov,Female,150.30.136.66
882,Rina,Lindberg,rlindbergoh@blogspot.com,Female,7.133.33.81
883,Aldous,Patten,apattenoi@php.net,Male,109.250.224.110
884,Wright,Jantot,wjantotoj@amazon.co.jp,Male,243.88.31.91
885,Nanette,Giraldon,ngiraldonok@canalblog.com,Female,125.184.52.12
886,Paul,Emmitt,pemmittol@jiathis.com,Male,158.167.116.123
887,Orv,Cawthorn,ocawthornom@ucoz.ru,Male,190.221.240.116
888,Row,Kemp,rkempon@sitemeter.com,Female,129.68.227.114
889,Sigismondo,Vanyushkin,svanyushkinoo@dagondesign.com,Male,49.140.76.131
890,Lola,De Paepe,ldepaepeop@seesaa.net,Female,166.100.167.191
891,Starlene,Cousen,scousenoq@mit.edu,Female,197.40.179.160
892,Pearline,Payfoot,ppayfootor@rakuten.co.jp,Female,250.103.211.196
893,Angelo,Ebbage,aebbageos@eventbrite.com,Male,138.14.53.250
894,Mommy,Fleckno,mflecknoot@dyndns.org,Female,121.88.69.235
895,Shel,Domengue,sdomengueou@meetup.com,Female,80.205.53.81
896,Gaston,Kitcherside,gkitchersideov@washington.edu,Male,55.80.53.162
897,Barney,Whalley,bwhalleyow@miitbeian.gov.cn,Male,127.156.241.76
898,Jordana,Larkkem,jlarkkemox@alibaba.com,Female,52.13.251.54
899,Turner,Maciaszczyk,tmaciaszczykoy@php.net,Male,141.122.239.176
900,Miof mela,Massenhove,mmassenhoveoz@google.com.br,Female,148.94.123.56
901,Urbanus,Spering,usperingp0@latimes.com,Male,197.78.191.25
902,Cherye,Mighele,cmighelep1@wikia.com,Female,209.228.188.211
903,Ailis,Gammel,agammelp2@usgs.gov,Female,24.216.17.139
904,Hubert,Davys,hdavysp3@spiegel.de,Male,241.239.186.129
905,Lilah,Salkeld,lsalkeldp4@cmu.edu,Female,173.35.239.81
906,Joletta,Chalker,jchalkerp5@godaddy.com,Female,211.16.155.159
907,Carly,Shorto,cshortop6@reuters.com,Male,210.63.192.27
908,Alessandro,Naton,anatonp7@foxnews.com,Male,119.142.228.153
909,Guillaume,Little,glittlep8@themeforest.net,Male,101.89.94.124
910,Roxi,Arnett,rarnettp9@icio.us,Female,216.123.78.211
911,Sanson,Whitham,swhithampa@bigcartel.com,Male,152.36.20.107
912,Berri,Dubock,bdubockpb@bbc.co.uk,Female,99.237.190.6
913,Wendy,McCathie,wmccathiepc@privacy.gov.au,Female,19.55.188.252
914,Wilow,Melesk,wmeleskpd@miibeian.gov.cn,Female,33.205.160.198
915,Lilli,Cheyenne,lcheyennepe@census.gov,Female,60.94.39.125
916,Lyndsey,Windless,lwindlesspf@diigo.com,Female,169.54.6.111
917,Flynn,Tindall,ftindallpg@latimes.com,Male,157.186.30.72
918,Tiffy,Shilvock,tshilvockph@netscape.com,Female,141.160.143.67
919,Artemis,Juschke,ajuschkepi@slideshare.net,Male,69.168.157.11
920,Howard,Windmill,hwindmillpj@exblog.jp,Male,68.217.42.138
921,Lorenzo,Piller,lpillerpk@techcrunch.com,Male,56.128.185.227
922,Cris,Hartford,chartfordpl@ucla.edu,Male,199.195.219.80
923,Dilan,Lennard,dlennardpm@yellowpages.com,Male,254.185.240.3
924,Sutton,Caukill,scaukillpn@si.edu,Male,132.36.255.181
925,Oralla,Coneley,oconeleypo@techcrunch.com,Female,249.219.96.17
926,Rosina,Windas,rwindaspp@whitehouse.gov,Female,140.78.148.162
927,Cathrin,Gagen,cgagenpq@cnbc.com,Female,210.223.57.102
928,Kelcie,Shew,kshewpr@stumbleupon.com,Female,91.128.34.174
929,Early,McVicker,emcvickerps@dmoz.org,Male,160.140.126.249
930,Calli,Peotz,cpeotzpt@washingtonpost.com,Female,158.54.27.139
931,Corbin,Esposita,cespositapu@imdb.com,Male,151.237.125.64
932,Margit,Botler,mbotlerpv@facebook.com,Female,172.130.213.209
933,Arielle,Mayston,amaystonpw@godaddy.com,Female,150.236.231.166
934,Joey,Everill,jeverillpx@loc.gov,Male,84.213.98.217
935,Godfrey,Lapsley,glapsleypy@mashable.com,Male,91.76.159.132
936,Violante,Louisot,vlouisotpz@si.edu,Female,248.219.20.75
937,Lamont,Berkley,lberkleyq0@ucla.edu,Male,226.8.173.15
938,Noni,Wanley,nwanleyq1@cdbaby.com,Female,143.199.97.248
939,Carlie,Hunnam,chunnamq2@flickr.com,Male,248.107.128.112
940,Horace,Debnam,hdebnamq3@seesaa.net,Male,198.193.206.90
941,Claudianus,Bibey,cbibeyq4@wordpress.com,Male,151.62.213.164
942,Sabine,Bartak,sbartakq5@gmpg.org,Female,192.13.130.254
943,Arleyne,Orth,aorthq6@wufoo.com,Female,22.112.60.215
944,Alex,Pavlenkov,apavlenkovq7@mozilla.org,Male,69.172.103.176
945,Alexio,Trorey,atroreyq8@oaic.gov.au,Male,48.156.174.84
946,Raimundo,Maharey,rmahareyq9@foxnews.com,Male,200.95.221.12
947,Moore,Wasiel,mwasielqa@hostgator.com,Male,140.81.117.20
948,Justin,Betteridge,jbetteridgeqb@who.int,Male,133.10.82.60
949,Aigneis,Oxer,aoxerqc@techcrunch.com,Female,245.98.18.43
950,Carlin,Saket,csaketqd@multiply.com,Female,255.171.23.192
951,Hugibert,Morson,hmorsonqe@cbc.ca,Male,35.218.46.253
952,Robinet,Prattin,rprattinqf@slate.com,Male,129.17.156.50
953,Selina,Skipsey,sskipseyqg@studiopress.com,Female,243.157.69.52
954,Whit,Maffezzoli,wmaffezzoliqh@uol.com.br,Male,181.99.168.181
955,Martguerita,Safont,msafontqi@elpais.com,Female,129.47.246.235
956,Faythe,Lalonde,flalondeqj@wordpress.org,Female,122.139.211.26
957,Chrysler,Lorkings,clorkingsqk@mayoclinic.com,Female,212.159.194.253
958,Lauren,Panting,lpantingql@answers.com,Female,85.23.121.101
959,Aksel,Alecock,aalecockqm@goodreads.com,Male,212.213.109.7
960,Jillayne,Conningham,jconninghamqn@marriott.com,Female,147.29.222.163
961,Alethea,Revell,arevellqo@linkedin.com,Female,141.199.202.47
962,Sherill,McVanamy,smcvanamyqp@wufoo.com,Female,137.87.28.136
963,Filbert,Jobbins,fjobbinsqq@typepad.com,Male,165.95.179.124
964,Stormy,Bullerwell,sbullerwellqr@dropbox.com,Female,94.235.185.61
965,Darryl,Lawful,dlawfulqs@smugmug.com,Male,79.149.171.45
966,Perla,Ambrogiotti,pambrogiottiqt@bbc.co.uk,Female,40.112.202.216
967,Tallulah,Nosworthy,tnosworthyqu@smugmug.com,Female,88.167.124.232
968,Dionne,Manhood,dmanhoodqv@goo.gl,Female,107.134.46.235
969,Ermanno,Nanni,enanniqw@exblog.jp,Male,109.123.234.137
970,Adriaens,Gornal,agornalqx@behance.net,Female,104.44.143.146
971,Marmaduke,Berrigan,mberriganqy@wisc.edu,Male,35.101.239.152
972,Grannie,Dabels,gdabelsqz@amazonaws.com,Male,46.80.3.1
973,Paquito,McGrady,pmcgradyr0@cbsnews.com,Male,62.54.227.92
974,Dru,Sowman,dsowmanr1@walmart.com,Male,163.211.95.213
975,Orville,Balasini,obalasinir2@merriam-webster.com,Male,68.119.62.87
976,Pembroke,Trew,ptrewr3@who.int,Male,87.98.173.168
977,Cristina,Haddeston,chaddestonr4@cocolog-nifty.com,Female,183.202.248.188
978,Ax,Dilks,adilksr5@pagesperso-orange.fr,Male,240.144.11.62
979,Georgine,Drache,gdracher6@army.mil,Female,172.204.38.217
980,Alford,MacGiolla Pheadair,amacgiollapheadairr7@wordpress.com,Male,182.166.235.230
981,Brooke,Pagnin,bpagninr8@wisc.edu,Female,9.222.22.106
982,Peggi,Crimes,pcrimesr9@webeden.co.uk,Female,65.177.174.196
983,Coriss,Boorn,cboornra@webmd.com,Female,130.5.215.91
984,Tracy,Thompstone,tthompstonerb@economist.com,Female,3.172.58.233
985,Jean,Cleef,jcleefrc@paginegialle.it,Female,18.21.27.115
986,Irita,Stephen,istephenrd@github.com,Female,115.1.205.101
987,Vittorio,Westover,vwestoverre@wunderground.com,Male,228.186.96.120
988,Augustus,Aven,aavenrf@geocities.jp,Male,110.182.157.199
989,Lorie,Prydie,lprydierg@wix.com,Female,55.156.249.159
990,Batsheva,Lanchester,blanchesterrh@xing.com,Female,14.93.113.17
991,Margaretha,Bartolomeazzi,mbartolomeazziri@instagram.com,Female,156.140.215.232
992,Lucinda,Toovey,ltooveyrj@foxnews.com,Female,163.76.179.72
993,Taddeusz,Surby,tsurbyrk@nifty.com,Male,234.187.98.240
994,Rhodie,Weaver,rweaverrl@spiegel.de,Female,26.171.125.13
995,Moises,Ruperto,mrupertorm@pen.io,Male,245.65.152.23
996,Francklin,Greve,fgrevern@infoseek.co.jp,Male,164.77.180.106
997,Jill,Wandrach,jwandrachro@google.com,Female,247.84.50.107
998,Tawsha,Callam,tcallamrp@4shared.com,Female,232.153.150.34
999,Dorisa,Weeks,dweeksrq@whitehouse.gov,Female,210.38.17.31
1000,Eric,Grossman,egrossmanrr@google.ca,Male,0.162.200.11
